{
  "IcoMoonType": "selection",
  "icons": [
    {
      "icon": {
        "paths": [
          "M396.813 300.61l115.187-218.319 115.187 218.319c10.187 19.307 28.756 32.796 50.26 36.518l243.232 42.084-172.038 177.014c-15.213 15.654-22.31 37.48-19.2 59.087l35.136 244.328-221.512-108.915c-19.589-9.638-42.538-9.632-62.127 0l-221.514 108.915 35.137-244.328c3.107-21.607-3.985-43.433-19.199-59.087l-172.040-177.014 243.229-42.084c21.51-3.722 40.076-17.211 50.262-36.518zM929.133 370.514v0zM248.538 864.992c0.003 0 0.006 0 0.008 0h-0.008z"
        ],
        "attrs": [
          {
            "fill": "rgb(255, 197, 49)",
            "stroke": "rgb(255, 197, 49)",
            "strokeLinejoin": "miter",
            "strokeLinecap": "butt",
            "strokeMiterlimit": "4",
            "strokeWidth": 76.8
          }
        ],
        "isMulticolor": false,
        "isMulticolor2": false,
        "grid": 0,
        "tags": [
          "star"
        ],
        "colorPermutations": {
          "1624401255197491": [
            {
              "f": 1,
              "s": 1
            }
          ]
        }
      },
      "attrs": [
        {
          "fill": "rgb(255, 197, 49)",
          "stroke": "rgb(255, 197, 49)",
          "strokeLinejoin": "miter",
          "strokeLinecap": "butt",
          "strokeMiterlimit": "4",
          "strokeWidth": 76.8
        }
      ],
      "properties": {
        "order": 53,
        "id": 24,
        "name": "star",
        "prevSize": 32
      },
      "setIdx": 0,
      "setId": 9,
      "iconIdx": 0
    }
  ],
  "height": 1024,
  "preferences": {
    "showGlyphs": true,
    "showQuickUse": true,
    "showQuickUse2": true,
    "showSVGs": false,
    "fontPref": {
      "prefix": "icon-",
      "metadata": {
        "fontFamily": "icomoon"
      },
      "metrics": {
        "emSize": 1024,
        "baseline": 6.25,
        "whitespace": 50
      },
      "embed": false
    },
    "imagePref": {
      "prefix": "icon-",
      "png": true,
      "useClassSelector": true,
      "color": 0,
      "bgColor": 16777215,
      "classSelector": ".icon",
      "name": "icomoon"
    },
    "historySize": 50,
    "showCodes": true,
    "gridSize": 16
  }
}